{"cameraMode":{"drawMode":0,"name":"Shaded","section":"Shading Mode"},"sceneLighting":true,"audioPlay":false,"sceneViewState":{"m_AlwaysRefresh":false,"showFog":true,"showSkybox":true,"showFlares":true,"showImageEffects":true,"showParticleSystems":true,"showVisualEffectGraphs":true,"m_FxEnabled":true},"in2DMode":false,"pivot":{"x":-4.657039642333984,"y":-0.027520256116986276,"z":-4.743196964263916},"rotation":{"x":-0.08109750598669052,"y":0.8821588754653931,"z":-0.16489310562610627,"w":-0.4336458444595337},"size":1.4200310707092286,"orthographic":false}